time,lat,lon,depth,Pro_eNATL2A_abundance,Unit,picoprokaryote,picoprokaryote_std,target_unit
2003-01-10T12:00:00,-11.939,-24.995,20.417,0.88263075,[cells/mL,0.14950130134820938,0.005220068278635806, [mmol C/m^3]
2003-01-10T12:00:00,-11.939,-24.995,34.147,0.8851595,[cells/mL,0.14717693999409676,0.0059326821972039805, [mmol C/m^3]
2003-01-10T12:00:00,-11.939,-24.995,42.27,4.163755,[cells/mL,0.14149625599384308,0.0028366503340163827, [mmol C/m^3]
2003-01-10T12:00:00,-11.939,-24.995,58.269,53.42735500000001,[cells/mL,0.13734371960163116,0.00306734835645147, [mmol C/m^3]
2003-01-10T12:00:00,-11.939,-24.995,82.374,202.2217125,[cells/mL,0.1308191381394863,0.003010356299679606, [mmol C/m^3]
2003-01-10T12:00:00,-11.939,-24.995,102.87,770.50395,[cells/mL,0.13289915397763252,0.0028997010638091214, [mmol C/m^3]
2003-01-10T12:00:00,-11.939,-24.995,127.564,2356.75125,[cells/mL,0.16177048161625862,0.007426027130249156, [mmol C/m^3]
2003-01-10T12:00:00,-11.939,-24.995,152.56,377.890475,[cells/mL,0.1727534681558609,0.003935324751649539, [mmol C/m^3]
2003-01-10T12:00:00,-11.939,-24.995,198.456,5.60021025,[cells/mL,0.02004355750977993,0.005232955936123741, [mmol C/m^3]
2003-02-10T11:52:00,-16.154,-24.991,23.98,1.22078515,[cells/mL,0.13241345062851906,0.003308051857260155, [mmol C/m^3]
2003-02-10T11:52:00,-16.154,-24.991,41.789,2.76471375,[cells/mL,0.13077092170715332,0.002586845529849443, [mmol C/m^3]
2003-02-10T11:52:00,-16.154,-24.991,52.051,13.9056025,[cells/mL,0.13180595450103283,0.008492195555859599, [mmol C/m^3]
2003-02-10T11:52:00,-16.154,-24.991,70.04,23.3425225,[cells/mL,0.1384486723691225,0.010299555684408017, [mmol C/m^3]
2003-02-10T11:52:00,-16.154,-24.991,82.03399999999998,23.1969075,[cells/mL,0.14194254577159882,0.009638529893939709, [mmol C/m^3]
2003-02-10T11:52:00,-16.154,-24.991,102.268,30.3887075,[cells/mL,0.1481105163693428,0.009038394501447024, [mmol C/m^3]
2003-02-10T11:52:00,-16.154,-24.991,132.069,401.41025,[cells/mL,0.15698475949466228,0.007144856192283844, [mmol C/m^3]
2003-02-10T11:52:00,-16.154,-24.991,158.316,1550.063225,[cells/mL,0.18007265217602253,0.007071406277880417, [mmol C/m^3]
2003-02-10T11:52:00,-16.154,-24.991,202.182,14.8303875,[cells/mL,,, [mmol C/m^3]
2003-03-10T11:58:00,-20.244,-25.001,21.897,5.66262725,[cells/mL,0.15299120359122753,0.011087217767315104, [mmol C/m^3]
2003-03-10T11:58:00,-20.244,-25.001,38.065,34.9018825,[cells/mL,0.16241194307804108,0.019818123507771488, [mmol C/m^3]
2003-03-10T11:58:00,-20.244,-25.001,67.98899999999999,74.6355375,[cells/mL,0.18008626252412796,0.0294988798068914, [mmol C/m^3]
2003-03-10T11:58:00,-20.244,-25.001,82.384,139.4109,[cells/mL,0.17226583883166313,0.021276402195590762, [mmol C/m^3]
2003-03-10T11:58:00,-20.244,-25.001,102.223,113.09428,[cells/mL,0.16785939410328865,0.01192846486237264, [mmol C/m^3]
2003-03-10T11:58:00,-20.244,-25.001,128.113,821.205075,[cells/mL,0.17242817394435406,0.004069468375643811, [mmol C/m^3]
2003-03-10T11:58:00,-20.244,-25.001,157.66299999999995,1658.87275,[cells/mL,0.1193131860345602,0.021705414661893768, [mmol C/m^3]
2003-03-10T11:58:00,-20.244,-25.001,172.725,148.413125,[cells/mL,0.049777706153690815,0.012569609426589945, [mmol C/m^3]
2003-03-10T11:58:00,-20.244,-25.001,203.052,8.8962265,[cells/mL,,, [mmol C/m^3]
2003-04-10T12:00:00,-23.906,-24.999,20.259,7.72749175,[cells/mL,0.17928889393806458,0.023145947308222198, [mmol C/m^3]
2003-04-10T12:00:00,-23.906,-24.999,36.561,6.891733,[cells/mL,0.1801295317709446,0.025567036831990898, [mmol C/m^3]
2003-04-10T12:00:00,-23.906,-24.999,52.672,6.45836875,[cells/mL,0.1891915239393711,0.030656156301420497, [mmol C/m^3]
2003-04-10T12:00:00,-23.906,-24.999,62.524,34.023845,[cells/mL,0.18858851492404938,0.023864899114110088, [mmol C/m^3]
2003-04-10T12:00:00,-23.906,-24.999,82.385,116.8807325,[cells/mL,0.1890357844531536,0.009799999400663699, [mmol C/m^3]
2003-04-10T12:00:00,-23.906,-24.999,112.756,1517.29425,[cells/mL,0.1482040323317051,0.004331493546195605, [mmol C/m^3]
2003-04-10T12:00:00,-23.906,-24.999,145.2,857.886075,[cells/mL,,, [mmol C/m^3]
2003-04-10T12:00:00,-23.906,-24.999,173.468,84.6800775,[cells/mL,0.02778350468724966,0.004541272333632021, [mmol C/m^3]
2003-04-10T12:00:00,-23.906,-24.999,203.439,3.00581575,[cells/mL,,, [mmol C/m^3]
2003-05-10T11:54:00,-27.915,-24.996,9.89,792.128825,[cells/mL,0.20321248471736908,0.003848297260210888, [mmol C/m^3]
2003-05-10T11:54:00,-27.915,-24.996,23.05,810.9636,[cells/mL,0.20223447680473328,0.0037581318838131386, [mmol C/m^3]
2003-05-10T11:54:00,-27.915,-24.996,38.585,536.98745,[cells/mL,0.20143349468708038,0.0036970184860118755, [mmol C/m^3]
2003-05-10T11:54:00,-27.915,-24.996,69.281,879.134025,[cells/mL,0.1784314252436161,0.009025156410306632, [mmol C/m^3]
2003-05-10T11:54:00,-27.915,-24.996,103.471,1018.179525,[cells/mL,0.13492856919765472,0.003154047671922209, [mmol C/m^3]
2003-05-10T11:54:00,-27.915,-24.996,133.679,2523.10075,[cells/mL,,, [mmol C/m^3]
2003-05-10T11:54:00,-27.915,-24.996,153.83700000000005,3007.0675,[cells/mL,0.02263240166939795,0.007244486757819326, [mmol C/m^3]
2003-05-10T11:54:00,-27.915,-24.996,163.832,688.0157,[cells/mL,,, [mmol C/m^3]
2003-05-10T11:54:00,-27.915,-24.996,229.552,3.5161064,[cells/mL,,, [mmol C/m^3]
2003-06-10T11:55:00,-30.867,-28.439,8.767000000000001,1357.017625,[cells/mL,0.22100373357534409,0.011204431760137367, [mmol C/m^3]
2003-06-10T11:55:00,-30.867,-28.439,20.028,841.611825,[cells/mL,0.21823150105774403,0.010740246608106347, [mmol C/m^3]
2003-06-10T11:55:00,-30.867,-28.439,33.993,1962.6665,[cells/mL,0.21596102230250835,0.010668041791264854, [mmol C/m^3]
2003-06-10T11:55:00,-30.867,-28.439,58.184,2337.198,[cells/mL,0.20520115457475185,0.010414972382626989, [mmol C/m^3]
2003-06-10T11:55:00,-30.867,-28.439,82.413,2393.551,[cells/mL,0.08411802258342505,0.013799018511393611, [mmol C/m^3]
2003-06-10T11:55:00,-30.867,-28.439,102.016,2382.1885,[cells/mL,0.028892902424558997,0.009261521911202216, [mmol C/m^3]
2003-06-10T11:55:00,-30.867,-28.439,132.85,1416.809225,[cells/mL,,, [mmol C/m^3]
2003-06-10T11:55:00,-30.867,-28.439,162.702,563.3071725,[cells/mL,,, [mmol C/m^3]
2003-06-10T11:55:00,-30.867,-28.439,203.084,24.76412625,[cells/mL,,, [mmol C/m^3]
2003-07-10T11:50:00,-33.809,-32.069,11.001,4812.82575,[cells/mL,0.18788808956742287,0.019111290131372687, [mmol C/m^3]
2003-07-10T11:50:00,-33.809,-32.069,19.008,5516.31325,[cells/mL,0.18788808956742287,0.019111290131372687, [mmol C/m^3]
2003-07-10T11:50:00,-33.809,-32.069,32.038000000000004,6772.98875,[cells/mL,0.17473875358700752,0.013007063438415283, [mmol C/m^3]
2003-07-10T11:50:00,-33.809,-32.069,52.154,6010.78075,[cells/mL,0.13955165538936853,0.017228060872070423, [mmol C/m^3]
2003-07-10T11:50:00,-33.809,-32.069,72.343,21643.885,[cells/mL,0.11198803875595331,0.01923514471941854, [mmol C/m^3]
2003-07-10T11:50:00,-33.809,-32.069,82.28,17739.7325,[cells/mL,0.10210879147052765,0.01801384793805463, [mmol C/m^3]
2003-07-10T11:50:00,-33.809,-32.069,107.54,723.844775,[cells/mL,0.049246991984546185,0.017042798619182172, [mmol C/m^3]
2003-07-10T11:50:00,-33.809,-32.069,163.033,12.46578275,[cells/mL,,, [mmol C/m^3]
2003-07-10T11:50:00,-33.809,-32.069,202.942,6.4926405,[cells/mL,,, [mmol C/m^3]
2003-08-10T04:42:00,-35.62,-34.355,15.969,1600.44625,[cells/mL,0.15824489295482635,0.021114232801625103, [mmol C/m^3]
2003-08-10T04:42:00,-35.62,-34.355,25.563,1171.23265,[cells/mL,0.1553965974599123,0.020236386429068186, [mmol C/m^3]
2003-08-10T04:42:00,-35.62,-34.355,33.923,1130.856125,[cells/mL,0.1513643767684698,0.0185258778319634, [mmol C/m^3]
2003-08-10T04:42:00,-35.62,-34.355,54.473,265.50405,[cells/mL,0.12802803609520197,0.007775280774580344, [mmol C/m^3]
2003-08-10T04:42:00,-35.62,-34.355,63.339,464.827575,[cells/mL,0.11672359239310026,0.009399014283529078, [mmol C/m^3]
2003-08-10T04:42:00,-35.62,-34.355,79.4,249.236725,[cells/mL,0.11045788507908583,0.010103775701937436, [mmol C/m^3]
2003-08-10T04:42:00,-35.62,-34.355,104.192,320.676575,[cells/mL,0.09953394997864962,0.011301279716299089, [mmol C/m^3]
2003-08-10T11:58:00,-36.394,-35.338,7.438,406.995875,[cells/mL,0.1243814891204238,0.017928643129168365, [mmol C/m^3]
2003-08-10T11:58:00,-36.394,-35.338,22.953000000000007,399.2823,[cells/mL,0.12079237028956413,0.017123274486017245, [mmol C/m^3]
2003-08-10T11:58:00,-36.394,-35.338,42.951,503.353075,[cells/mL,0.11639351304620504,0.0160423970008099, [mmol C/m^3]
2003-08-10T11:58:00,-36.394,-35.338,52.668,566.01715,[cells/mL,0.11378182377666235,0.015579625523725363, [mmol C/m^3]
2003-08-10T11:58:00,-36.394,-35.338,68.066,464.833175,[cells/mL,0.11087421141564846,0.015334994127371621, [mmol C/m^3]
2003-08-10T11:58:00,-36.394,-35.338,82.87899999999998,135.2240825,[cells/mL,0.10402705986052752,0.015003546887787104, [mmol C/m^3]
2003-08-10T11:58:00,-36.394,-35.338,103.166,51.36686,[cells/mL,0.09485881309956312,0.011587546129580916, [mmol C/m^3]
2003-08-10T11:58:00,-36.394,-35.338,153.72,62.34506,[cells/mL,0.010307454830581264,0.01299452953911746, [mmol C/m^3]
2003-08-10T11:58:00,-36.394,-35.338,204.142,25.11927,[cells/mL,,, [mmol C/m^3]
2003-09-10T12:58:00,-39.386,-39.331,8.693,437.3788499999991,[cells/mL,0.16234402731060982,0.009260756695645595, [mmol C/m^3]
2003-09-10T12:58:00,-39.386,-39.331,23.435,488.758825,[cells/mL,0.15722287446260452,0.008318480282137778, [mmol C/m^3]
2003-09-10T12:58:00,-39.386,-39.331,39.231,675.0028,[cells/mL,0.15161826461553574,0.005577864346372417, [mmol C/m^3]
2003-09-10T12:58:00,-39.386,-39.331,53.389,551.671949999999,[cells/mL,0.10291713383048773,0.03788514127649879, [mmol C/m^3]
2003-09-10T12:58:00,-39.386,-39.331,69.117,534.483225,[cells/mL,0.08728035818785429,0.03269806173978831, [mmol C/m^3]
2003-09-10T12:58:00,-39.386,-39.331,83.505,645.524075,[cells/mL,0.05730469152331352,0.010017196583977168, [mmol C/m^3]
2003-09-10T12:58:00,-39.386,-39.331,103.78,445.530075,[cells/mL,0.04260119702666998,0.003147284458618411, [mmol C/m^3]
2003-09-10T12:58:00,-39.386,-39.331,154.39700000000005,455.70785,[cells/mL,0.015235343016684055,0.0054402103604794085, [mmol C/m^3]
2003-09-10T12:58:00,-39.386,-39.331,203.953,304.591872,[cells/mL,,, [mmol C/m^3]
2003-09-14T09:55:00,47.983,-11.539,9.28,923.324525,[cells/mL,0.4160742200911045,0.009724761472609861, [mmol C/m^3]
2003-09-14T09:55:00,47.983,-11.539,43.017,1121.921075,[cells/mL,0.1949610598385334,0.013960157172922923, [mmol C/m^3]
2003-09-14T09:55:00,47.983,-11.539,53.629,645.522075,[cells/mL,0.11228248476982117,0.011662625252458828, [mmol C/m^3]
2003-09-14T09:55:00,47.983,-11.539,62.327,338.6858,[cells/mL,0.05254423664882779,0.007821874630182173, [mmol C/m^3]
2003-09-14T09:55:00,47.983,-11.539,78.587,889.088075,[cells/mL,0.019423834630288184,0.004096960070835836, [mmol C/m^3]
2003-09-14T09:55:00,47.983,-11.539,103.753,309.278725,[cells/mL,0.00031973309341992717,9.991227728859832e-05, [mmol C/m^3]
2003-09-14T09:55:00,47.983,-11.539,154.181,0.48402055,[cells/mL,3.825526334821916e-06,5.118705855564713e-07, [mmol C/m^3]
2003-09-14T09:55:00,47.983,-11.539,203.023,0.546885125,[cells/mL,,, [mmol C/m^3]
2003-09-15T09:47:00,46.691,-17.004,14.371,1072.354425,[cells/mL,0.4082719422876835,0.009212305625655986, [mmol C/m^3]
2003-09-15T09:47:00,46.691,-17.004,27.465,1354.87525,[cells/mL,0.3758273422718048,0.012437178571512927, [mmol C/m^3]
2003-09-15T09:47:00,46.691,-17.004,42.353,17700.08,[cells/mL,0.18645851127803326,0.015966258578820895, [mmol C/m^3]
2003-09-15T09:47:00,46.691,-17.004,52.624,6008.43499999999,[cells/mL,0.11067412048578262,0.014883473823405135, [mmol C/m^3]
2003-09-15T09:47:00,46.691,-17.004,62.647,2868.396,[cells/mL,0.055370214860886335,0.010288265631836428, [mmol C/m^3]
2003-09-15T09:47:00,46.691,-17.004,77.992,1648.6229999999996,[cells/mL,0.022896782029420137,0.005628004108543596, [mmol C/m^3]
2003-09-15T09:47:00,46.691,-17.004,93.295,122.4161525,[cells/mL,0.002385063751717098,0.0008579046485732973, [mmol C/m^3]
2003-09-15T09:47:00,46.691,-17.004,153.893,1.159839325,[cells/mL,1.3168935993235209e-05,3.532722420769336e-06, [mmol C/m^3]
2003-09-15T09:47:00,46.691,-17.004,203.956,1.695979525,[cells/mL,,, [mmol C/m^3]
2003-09-16T11:22:00,43.044,-19.622,15.623,337.0722,[cells/mL,0.40961190313100815,0.004966028994954019, [mmol C/m^3]
2003-09-16T11:22:00,43.044,-19.622,21.937,408.461775,[cells/mL,0.3580648675560951,0.004970457207202825, [mmol C/m^3]
2003-09-16T11:22:00,43.044,-19.622,31.714,1242.21725,[cells/mL,0.300753116607666,0.008695274091497463, [mmol C/m^3]
2003-09-16T11:22:00,43.044,-19.622,51.819,11108.271,[cells/mL,0.1610882543027401,0.014705302232392511, [mmol C/m^3]
2003-09-16T11:22:00,43.044,-19.622,61.87300000000001,24886.89,[cells/mL,0.09322254545986652,0.013616323565693937, [mmol C/m^3]
2003-09-16T11:22:00,43.044,-19.622,76.916,3092.62475,[cells/mL,0.04715379420667887,0.010400771388047932, [mmol C/m^3]
2003-09-16T11:22:00,43.044,-19.622,102.123,263.5395,[cells/mL,0.0030181881738826632,0.0014372484621431403, [mmol C/m^3]
2003-09-16T11:22:00,43.044,-19.622,152.744,4.735204,[cells/mL,2.1628350395985763e-05,6.507880618431459e-06, [mmol C/m^3]
2003-09-16T11:22:00,43.044,-19.622,202.468,1.9944835,[cells/mL,,, [mmol C/m^3]
2003-09-17T10:50:00,39.44300000000001,-21.544,9.834,3.045865475,[cells/mL,0.31128179281949997,0.0034674311296367588, [mmol C/m^3]
2003-09-17T10:50:00,39.44300000000001,-21.544,21.825,4.13214975,[cells/mL,0.30063872411847115,0.0031719049174400663, [mmol C/m^3]
2003-09-17T10:50:00,39.44300000000001,-21.544,37.047,574.7991,[cells/mL,0.287184402346611,0.0031209608275893285, [mmol C/m^3]
2003-09-17T10:50:00,39.44300000000001,-21.544,57.093,22149.8825,[cells/mL,0.25972843915224075,0.005489519730103962, [mmol C/m^3]
2003-09-17T10:50:00,39.44300000000001,-21.544,66.97399999999999,22778.3425,[cells/mL,0.2170063778758049,0.006438762087589983, [mmol C/m^3]
2003-09-17T10:50:00,39.44300000000001,-21.544,82.15299999999998,6446.71025,[cells/mL,0.10094498097896576,0.019087188956990218, [mmol C/m^3]
2003-09-17T10:50:00,39.44300000000001,-21.544,100.611,1623.944,[cells/mL,0.029428121633827686,0.01412668752225619, [mmol C/m^3]
2003-09-17T10:50:00,39.44300000000001,-21.544,153.10399999999996,43.51117,[cells/mL,0.00043390693008404924,0.0004743276637405893, [mmol C/m^3]
2003-09-17T10:50:00,39.44300000000001,-21.544,203.896,2.27392775,[cells/mL,,, [mmol C/m^3]
2003-09-18T00:54:00,38.167,-24.701,1.7080000000000002,23.1619475,[cells/mL,0.34694284573197365,0.002778995587084599, [mmol C/m^3]
2003-09-18T00:54:00,38.167,-24.701,16.611,18.25403325,[cells/mL,0.3433585725724697,0.0025273044980947458, [mmol C/m^3]
2003-09-18T00:54:00,38.167,-24.701,27.845,1372.96375,[cells/mL,0.33115722984075546,0.0019890957658848765, [mmol C/m^3]
2003-09-18T00:54:00,38.167,-24.701,52.034,46697.3975,[cells/mL,0.23819592595100403,0.00573315964014207, [mmol C/m^3]
2003-09-18T00:54:00,38.167,-24.701,61.965,35066.8125,[cells/mL,0.14987369813024998,0.007272301193973133, [mmol C/m^3]
2003-09-18T00:54:00,38.167,-24.701,77.312,12435.9555,[cells/mL,0.07839138712733984,0.006984181525865668, [mmol C/m^3]
2003-09-18T00:54:00,38.167,-24.701,92.477,6011.95775,[cells/mL,0.013474494451656938,0.0030557836342056245, [mmol C/m^3]
2003-09-18T00:54:00,38.167,-24.701,122.711,159.255805,[cells/mL,0.0005257476241240511,0.00041432176036618776, [mmol C/m^3]
2003-09-18T00:54:00,38.167,-24.701,203.212,28.006007500000006,[cells/mL,,, [mmol C/m^3]
2003-09-19T03:24:00,34.683,-22.993,2.617,29.385933500000004,[cells/mL,0.28477858006954193,0.010515155071801535, [mmol C/m^3]
2003-09-19T03:24:00,34.683,-22.993,14.928,3.594942525,[cells/mL,0.2835647761821747,0.010584765715101894, [mmol C/m^3]
2003-09-19T03:24:00,34.683,-22.993,24.018,6.94658925,[cells/mL,0.2776036933064461,0.01137017622995007, [mmol C/m^3]
2003-09-19T03:24:00,34.683,-22.993,40.494,607.925075,[cells/mL,0.27223850786685944,0.005849574929775633, [mmol C/m^3]
2003-09-19T03:24:00,34.683,-22.993,68.221,41397.3225,[cells/mL,0.2568642795085907,0.00269156265727555, [mmol C/m^3]
2003-09-19T03:24:00,34.683,-22.993,88.301,20799.7425,[cells/mL,0.15827668085694313,0.015495707571866196, [mmol C/m^3]
2003-09-19T03:24:00,34.683,-22.993,108.47,4978.90825,[cells/mL,0.05331998039036989,0.014532913057646413, [mmol C/m^3]
2003-09-19T03:24:00,34.683,-22.993,154.013,44.813025,[cells/mL,0.0006031696793797892,0.0007441040673855344, [mmol C/m^3]
2003-09-19T03:24:00,34.683,-22.993,203.323,19.75311025,[cells/mL,,, [mmol C/m^3]
2003-09-19T10:53:00,33.493,-22.108,16.514,1.96075775,[cells/mL,0.25347837805747986,0.0009412293111433439, [mmol C/m^3]
2003-09-19T10:53:00,33.493,-22.108,32.63,23.3193775,[cells/mL,0.24698987230658528,0.0006650323552359734, [mmol C/m^3]
2003-09-19T10:53:00,33.493,-22.108,57.56100000000001,490.85335,[cells/mL,0.24033345654606816,0.0009720376972692201, [mmol C/m^3]
2003-09-19T10:53:00,33.493,-22.108,72.94800000000002,3873.853,[cells/mL,0.22869432717561725,0.003419303688868773, [mmol C/m^3]
2003-09-19T10:53:00,33.493,-22.108,93.249,16719.07,[cells/mL,0.1666150726377964,0.006044871198276355, [mmol C/m^3]
2003-09-19T10:53:00,33.493,-22.108,113.263,3367.66575,[cells/mL,0.06880211643874645,0.0070573722596546104, [mmol C/m^3]
2003-09-19T10:53:00,33.493,-22.108,122.933,1393.7655,[cells/mL,0.03495351318269968,0.004309788827382254, [mmol C/m^3]
2003-09-19T10:53:00,33.493,-22.108,162.806,473.08415,[cells/mL,,, [mmol C/m^3]
2003-09-19T10:53:00,33.493,-22.108,203.545,190.663325,[cells/mL,,, [mmol C/m^3]
2003-09-20T10:50:00,29.357,-20.896,16.288,1.0,[cells/mL,0.2130750920623541,0.005322093181605038, [mmol C/m^3]
2003-09-20T10:50:00,29.357,-20.896,32.071,1.0,[cells/mL,0.2104509025812149,0.004884590999212387, [mmol C/m^3]
2003-09-20T10:50:00,29.357,-20.896,50.316,2.235425,[cells/mL,0.20488405972719193,0.006754992001735056, [mmol C/m^3]
2003-09-20T10:50:00,29.357,-20.896,62.381,8.21111025,[cells/mL,0.20113457553088665,0.0085570875214431, [mmol C/m^3]
2003-09-20T10:50:00,29.357,-20.896,82.381,684.505975,[cells/mL,0.1956692822277546,0.008564046701226596, [mmol C/m^3]
2003-09-20T10:50:00,29.357,-20.896,102.498,18490.5525,[cells/mL,0.18459387868642807,0.00354053078812855, [mmol C/m^3]
2003-09-20T10:50:00,29.357,-20.896,112.767,4049.57975,[cells/mL,0.15187404863536358,0.006889183339823019, [mmol C/m^3]
2003-09-20T10:50:00,29.357,-20.896,153.256,166.492525,[cells/mL,0.019152308232150972,0.005204817331223359, [mmol C/m^3]
2003-09-20T10:50:00,29.357,-20.896,203.806,1.79636095,[cells/mL,,, [mmol C/m^3]
2003-09-21T10:52:00,25.085,-20.744,15.606,0.7955245,[cells/mL,0.31471675261855125,0.03953722730374114, [mmol C/m^3]
2003-09-21T10:52:00,25.085,-20.744,26.419,0.27454175,[cells/mL,0.30834364145994186,0.03416999763906975, [mmol C/m^3]
2003-09-21T10:52:00,25.085,-20.744,44.64100000000001,2.396371,[cells/mL,0.26801978424191475,0.014751321743623057, [mmol C/m^3]
2003-09-21T10:52:00,25.085,-20.744,52.392,439.6383,[cells/mL,0.24499917030334473,0.007990851030438128, [mmol C/m^3]
2003-09-21T10:52:00,25.085,-20.744,62.40600000000001,1217.1435,[cells/mL,0.21824605576694012,0.01277402730691617, [mmol C/m^3]
2003-09-21T10:52:00,25.085,-20.744,82.61200000000002,4919.53975,[cells/mL,0.14931792579591274,0.04573104553299971, [mmol C/m^3]
2003-09-21T10:52:00,25.085,-20.744,102.824,1695.043,[cells/mL,0.0795242718886584,0.044451041521344534, [mmol C/m^3]
2003-09-21T10:52:00,25.085,-20.744,153.009,3.1217526,[cells/mL,0.003093814360909164,0.0028293351603422626, [mmol C/m^3]
2003-09-21T10:52:00,25.085,-20.744,203.535,0.2800876,[cells/mL,,, [mmol C/m^3]
2003-09-22T11:01:00,20.808000000000003,-20.582,7.89,85.97691999999991,[cells/mL,0.32933687418699265,0.03055734873910941, [mmol C/m^3]
2003-09-22T11:01:00,20.808000000000003,-20.582,17.296,86.5338175,[cells/mL,0.32745978236198425,0.02973797493053777, [mmol C/m^3]
2003-09-22T11:01:00,20.808000000000003,-20.582,27.28,147.7587,[cells/mL,0.32205674052238464,0.027527060975453602, [mmol C/m^3]
2003-09-22T11:01:00,20.808000000000003,-20.582,42.484,567.23375,[cells/mL,0.2756466194987297,0.011063549929742855, [mmol C/m^3]
2003-09-22T11:01:00,20.808000000000003,-20.582,52.588,878.0588,[cells/mL,0.25147560238838196,0.020665492856784113, [mmol C/m^3]
2003-09-22T11:01:00,20.808000000000003,-20.582,67.73100000000001,22.278585,[cells/mL,0.21706947311758995,0.05219732520180271, [mmol C/m^3]
2003-09-22T11:01:00,20.808000000000003,-20.582,82.67,2.133433,[cells/mL,0.09695391915738583,0.04995409743077515, [mmol C/m^3]
2003-09-22T11:01:00,20.808000000000003,-20.582,102.541,1.0,[cells/mL,0.022305911814328283,0.018009820697213776, [mmol C/m^3]
2003-09-22T11:01:00,20.808000000000003,-20.582,204.13,1.0,[cells/mL,,, [mmol C/m^3]
2003-09-23T12:15:00,20.327,-17.771,1.975,10.06419855,[cells/mL,0.3789042979478836,0.04402355909641559, [mmol C/m^3]
2003-09-23T12:15:00,20.327,-17.771,12.144,11.19533825,[cells/mL,0.37440621480345726,0.04189252480194979, [mmol C/m^3]
2003-09-23T12:15:00,20.327,-17.771,26.845,8607.8565,[cells/mL,0.34880803525447845,0.025449350543587382, [mmol C/m^3]
2003-09-23T12:15:00,20.327,-17.771,42.065,3624.8775,[cells/mL,0.2920000907033682,0.04775251082334831, [mmol C/m^3]
2003-09-23T12:15:00,20.327,-17.771,62.053,88.35594999999991,[cells/mL,0.09716048371046782,0.03900193135234117, [mmol C/m^3]
2003-09-23T12:15:00,20.327,-17.771,81.87100000000002,25.802695,[cells/mL,0.013082917721476406,0.0062426634501553885, [mmol C/m^3]
2003-09-23T12:15:00,20.327,-17.771,102.212,13.73151225,[cells/mL,0.00013206554626776779,7.181636418180344e-05, [mmol C/m^3]
2003-09-23T12:15:00,20.327,-17.771,153.08100000000005,1.18013745,[cells/mL,2.5689149862895277e-08,2.5465162280214313e-08, [mmol C/m^3]
2003-09-23T12:15:00,20.327,-17.771,203.788,1.0,[cells/mL,,, [mmol C/m^3]
2003-09-24T11:05:00,17.141,-19.015,6.856,1.488715025,[cells/mL,0.27945854514837265,0.004498294035550871, [mmol C/m^3]
2003-09-24T11:05:00,17.141,-19.015,16.717,5.074754,[cells/mL,0.2778475694358349,0.004274116318337646, [mmol C/m^3]
2003-09-24T11:05:00,17.141,-19.015,31.701,2820.78075,[cells/mL,0.3184400200843811,0.0052703263426262924, [mmol C/m^3]
2003-09-24T11:05:00,17.141,-19.015,41.423,3087.43725,[cells/mL,0.36281903088092804,0.006309596587305978, [mmol C/m^3]
2003-09-24T11:05:00,17.141,-19.015,51.699,699.397025,[cells/mL,0.3351581133902073,0.005975950089420409, [mmol C/m^3]
2003-09-24T11:05:00,17.141,-19.015,66.528,76.37888249999997,[cells/mL,0.24488889053463936,0.012964323302912261, [mmol C/m^3]
2003-09-24T11:05:00,17.141,-19.015,81.707,20.4126575,[cells/mL,0.06291145505383611,0.0077623463950120845, [mmol C/m^3]
2003-09-24T11:05:00,17.141,-19.015,101.782,6.1684875,[cells/mL,0.00504300877219066,0.0010678865438418777, [mmol C/m^3]
2003-09-24T11:05:00,17.141,-19.015,203.054,7.693945075,[cells/mL,,, [mmol C/m^3]
2003-09-25T12:31:00,12.515999999999998,-20.991,11.028,1.0,[cells/mL,0.23554463312029839,0.006658297421751609, [mmol C/m^3]
2003-09-25T12:31:00,12.515999999999998,-20.991,25.629,190.606825,[cells/mL,0.24799571931362152,0.008227810794249241, [mmol C/m^3]
2003-09-25T12:31:00,12.515999999999998,-20.991,40.562,7936.66525,[cells/mL,0.37863486260175705,0.014568030388918312, [mmol C/m^3]
2003-09-25T12:31:00,12.515999999999998,-20.991,50.879,2007.2895,[cells/mL,0.36655937135219574,0.010415238667840679, [mmol C/m^3]
2003-09-25T12:31:00,12.515999999999998,-20.991,65.729,198.520775,[cells/mL,0.27652280032634735,0.01725643337377944, [mmol C/m^3]
2003-09-25T12:31:00,12.515999999999998,-20.991,80.846,7.72332625,[cells/mL,0.07817868143320084,0.011322014172311433, [mmol C/m^3]
2003-09-25T12:31:00,12.515999999999998,-20.991,101.296,1.589035975,[cells/mL,0.006465131475124508,0.0022595223402177285, [mmol C/m^3]
2003-09-25T12:31:00,12.515999999999998,-20.991,151.967,1.0,[cells/mL,1.3281641633722254e-08,1.8499969086960992e-08, [mmol C/m^3]
2003-09-25T12:31:00,12.515999999999998,-20.991,202.469,1.0,[cells/mL,,, [mmol C/m^3]
2003-09-26T11:03:00,9.001,-22.138,7.423999999999999,1.0,[cells/mL,0.18041742220520973,0.0067979170886624946, [mmol C/m^3]
2003-09-26T11:03:00,9.001,-22.138,21.29,0.96469025,[cells/mL,0.18429800868034363,0.008913454925988626, [mmol C/m^3]
2003-09-26T11:03:00,9.001,-22.138,41.002,7752.6235,[cells/mL,0.29814463108778,0.01120124703568864, [mmol C/m^3]
2003-09-26T11:03:00,9.001,-22.138,50.706,8450.52975,[cells/mL,0.3665638938546181,0.01982765469104971, [mmol C/m^3]
2003-09-26T11:03:00,9.001,-22.138,61.115,1136.912075,[cells/mL,0.3520525172352791,0.00728638098777496, [mmol C/m^3]
2003-09-26T11:03:00,9.001,-22.138,81.229,137.611,[cells/mL,0.1514120101928711,0.026356336211671605, [mmol C/m^3]
2003-09-26T11:03:00,9.001,-22.138,101.288,11.1068085,[cells/mL,0.021966183907352388,0.011226504215651864, [mmol C/m^3]
2003-09-26T11:03:00,9.001,-22.138,161.804,0.43536675,[cells/mL,,, [mmol C/m^3]
2003-09-26T11:03:00,9.001,-22.138,202.361,0.234513825,[cells/mL,,, [mmol C/m^3]
2003-09-27T11:57:00,4.851,-23.455,0.0,1.0,[cells/mL,0.15463484451174736,0.0006042806361542115, [mmol C/m^3]
2003-09-27T11:57:00,4.851,-23.455,45.3,1.0,[cells/mL,0.15561469830572605,0.004188292030632652, [mmol C/m^3]
2003-09-27T11:57:00,4.851,-23.455,51.522,0.2136148,[cells/mL,0.19107514806091785,0.017356217090136593, [mmol C/m^3]
2003-09-27T11:57:00,4.851,-23.455,61.52,2.30268495,[cells/mL,0.24716651253402233,0.021550903876292903, [mmol C/m^3]
2003-09-27T11:57:00,4.851,-23.455,86.333,1205.866625,[cells/mL,0.29235902428627014,0.008960503060626334, [mmol C/m^3]
2003-09-27T11:57:00,4.851,-23.455,101.435,454.773275,[cells/mL,0.10976417642086744,0.014998880434253417, [mmol C/m^3]
2003-09-27T11:57:00,4.851,-23.455,121.231,3.9923695,[cells/mL,,, [mmol C/m^3]
2003-09-27T11:57:00,4.851,-23.455,202.325,1.0,[cells/mL,,, [mmol C/m^3]
2003-09-28T12:01:00,0.8859999999999999,-24.711,10.307,161.962825,[cells/mL,0.19972880557179454,0.01956570945931169, [mmol C/m^3]
2003-09-28T12:01:00,0.8859999999999999,-24.711,30.242,129.9464,[cells/mL,0.1991925947368145,0.018597420732008457, [mmol C/m^3]
2003-09-28T12:01:00,0.8859999999999999,-24.711,47.358,221.662675,[cells/mL,0.20629269257187843,0.013066004915893391, [mmol C/m^3]
2003-09-28T12:01:00,0.8859999999999999,-24.711,56.121,329.189525,[cells/mL,0.235597163438797,0.014687225368828584, [mmol C/m^3]
2003-09-28T12:01:00,0.8859999999999999,-24.711,67.314,2511.29075,[cells/mL,0.2878723293542862,0.023462524082974223, [mmol C/m^3]
2003-09-28T12:01:00,0.8859999999999999,-24.711,82.306,5266.609,[cells/mL,0.30858758091926575,0.016127730464889023, [mmol C/m^3]
2003-09-28T12:01:00,0.8859999999999999,-24.711,100.049,314.153075,[cells/mL,0.2028958424925804,0.017786188698913394, [mmol C/m^3]
2003-09-28T12:01:00,0.8859999999999999,-24.711,152.05100000000004,8.11887075,[cells/mL,0.0016288214828819036,0.0012508032824397129, [mmol C/m^3]
2003-09-28T12:01:00,0.8859999999999999,-24.711,202.013,0.8067703749999989,[cells/mL,,, [mmol C/m^3]
2003-09-29T11:49:00,-3.833,-24.997,11.927,100.0740475,[cells/mL,0.23995295725762844,0.004544468630316685, [mmol C/m^3]
2003-09-29T11:49:00,-3.833,-24.997,21.77,66.2876375,[cells/mL,0.23945831693708897,0.004435340292789621, [mmol C/m^3]
2003-09-29T11:49:00,-3.833,-24.997,36.107,171.535825,[cells/mL,0.23869975470006466,0.004267743668908975, [mmol C/m^3]
2003-09-29T11:49:00,-3.833,-24.997,51.902,102.3135575,[cells/mL,0.2422103825956583,0.004331680008260651, [mmol C/m^3]
2003-09-29T11:49:00,-3.833,-24.997,61.968,131.3629975,[cells/mL,0.2383975088596344,0.00541448419573948, [mmol C/m^3]
2003-09-29T11:49:00,-3.833,-24.997,79.992,5483.3855,[cells/mL,0.22320284321904182,0.007624541331134862, [mmol C/m^3]
2003-09-29T11:49:00,-3.833,-24.997,101.739,129.211675,[cells/mL,0.13420086726546288,0.011274590720140533, [mmol C/m^3]
2003-09-29T11:49:00,-3.833,-24.997,152.194,4.214225,[cells/mL,0.0011273803911535651,0.0009150011137016548, [mmol C/m^3]
2003-09-29T11:49:00,-3.833,-24.997,202.301,1.05121525,[cells/mL,,, [mmol C/m^3]
2003-09-30T11:54:00,-7.835,-24.998,13.393,47.457085,[cells/mL,0.17322613298892975,0.0046973126046271135, [mmol C/m^3]
2003-09-30T11:54:00,-7.835,-24.998,33.12,56.7572575,[cells/mL,0.17278888635337353,0.004653793259738649, [mmol C/m^3]
2003-09-30T11:54:00,-7.835,-24.998,52.986,50.3730325,[cells/mL,0.1717852558940649,0.00448119970617051, [mmol C/m^3]
2003-09-30T11:54:00,-7.835,-24.998,73.132,821.8812,[cells/mL,0.16793663427233696,0.0035579040179477828, [mmol C/m^3]
2003-09-30T11:54:00,-7.835,-24.998,83.126,6146.443,[cells/mL,0.16454961895942688,0.003213360568679038, [mmol C/m^3]
2003-09-30T11:54:00,-7.835,-24.998,92.86,3131.71825,[cells/mL,0.16500593349337578,0.003919366645080429, [mmol C/m^3]
2003-09-30T11:54:00,-7.835,-24.998,102.97,1789.804975,[cells/mL,0.1843699160963297,0.006576846675910893, [mmol C/m^3]
2003-09-30T11:54:00,-7.835,-24.998,143.264,3.82285775,[cells/mL,0.1002525296062231,0.010732266164544257, [mmol C/m^3]
2003-09-30T11:54:00,-7.835,-24.998,202.565,1.0,[cells/mL,,, [mmol C/m^3]
2003-10-10T12:47:00,-41.89100000000001,-42.74100000000001,12.943,52.8672375,[cells/mL,0.3482806161046028,0.01894669860744043, [mmol C/m^3]
2003-10-10T12:47:00,-41.89100000000001,-42.74100000000001,21.147,91.75379,[cells/mL,0.3294816240668297,0.014198563090019729, [mmol C/m^3]
2003-10-10T12:47:00,-41.89100000000001,-42.74100000000001,43.006,57.7996625,[cells/mL,0.13409515097737312,0.006087065827552774, [mmol C/m^3]
2003-10-10T12:47:00,-41.89100000000001,-42.74100000000001,53.38800000000001,62.599185,[cells/mL,0.07179407402873039,0.005771109618660394, [mmol C/m^3]
2003-10-10T12:47:00,-41.89100000000001,-42.74100000000001,63.899,40.8842125,[cells/mL,0.043583109974861145,0.0024347922442359725, [mmol C/m^3]
2003-10-10T12:47:00,-41.89100000000001,-42.74100000000001,83.367,57.2681175,[cells/mL,0.019638562109321356,0.0022054386807867574, [mmol C/m^3]
2003-10-10T12:47:00,-41.89100000000001,-42.74100000000001,103.727,42.96011,[cells/mL,0.005983129609376192,0.0012403978823820126, [mmol C/m^3]
2003-10-10T12:47:00,-41.89100000000001,-42.74100000000001,153.996,17.89128,[cells/mL,0.00023604736088600475,0.00012371956779784788, [mmol C/m^3]
2003-10-10T12:47:00,-41.89100000000001,-42.74100000000001,204.27,3.75443975,[cells/mL,,, [mmol C/m^3]
2003-11-10T06:50:00,-43.976000000000006,-45.724,12.992,1.0,[cells/mL,0.372463658452034,0.013184766247120866, [mmol C/m^3]
2003-11-10T06:50:00,-43.976000000000006,-45.724,23.193,1.0,[cells/mL,0.35951218754053116,0.013376228132575274, [mmol C/m^3]
2003-11-10T06:50:00,-43.976000000000006,-45.724,37.738,1.0,[cells/mL,0.3310284987092018,0.007731414840366586, [mmol C/m^3]
2003-11-10T06:50:00,-43.976000000000006,-45.724,63.58600000000001,1.0,[cells/mL,0.015972380060702562,0.00482239540026824, [mmol C/m^3]
2003-11-10T06:50:00,-43.976000000000006,-45.724,83.74600000000002,1.0,[cells/mL,0.003571828216081485,0.0006101991853730867, [mmol C/m^3]
2003-11-10T06:50:00,-43.976000000000006,-45.724,104.17,1.0,[cells/mL,0.0010777105489978567,0.00017192965732145077, [mmol C/m^3]
2003-11-10T06:50:00,-43.976000000000006,-45.724,144.20600000000005,1.0,[cells/mL,6.17790401520324e-05,1.607604841697777e-05, [mmol C/m^3]
2003-11-10T06:50:00,-43.976000000000006,-45.724,204.827,1.0,[cells/mL,,, [mmol C/m^3]
2003-11-10T12:52:00,-44.563,-46.58600000000001,13.935,1.0,[cells/mL,0.35934335738420486,0.014956848226821877, [mmol C/m^3]
2003-11-10T12:52:00,-44.563,-46.58600000000001,24.183000000000003,1.0,[cells/mL,0.3464656360447407,0.013804195043520864, [mmol C/m^3]
2003-11-10T12:52:00,-44.563,-46.58600000000001,32.325,1.0,[cells/mL,0.32209551334381104,0.0062722726543608595, [mmol C/m^3]
2003-11-10T12:52:00,-44.563,-46.58600000000001,44.13800000000001,1.0,[cells/mL,0.2118966020643711,0.0507283186057439, [mmol C/m^3]
2003-11-10T12:52:00,-44.563,-46.58600000000001,64.321,1.0,[cells/mL,0.027179806493222713,0.005259041342492192, [mmol C/m^3]
2003-11-10T12:52:00,-44.563,-46.58600000000001,84.23299999999998,1.0,[cells/mL,0.005631191423162818,0.0011789511938444875, [mmol C/m^3]
2003-11-10T12:52:00,-44.563,-46.58600000000001,104.654,1.0,[cells/mL,0.001504687752458267,0.0007264008308621936, [mmol C/m^3]
2003-11-10T12:52:00,-44.563,-46.58600000000001,155.183,1.0,[cells/mL,9.158259501873545e-06,3.6913189181856e-06, [mmol C/m^3]
2003-11-10T12:52:00,-44.563,-46.58600000000001,205.65,1.0,[cells/mL,,, [mmol C/m^3]
2003-12-10T12:44:00,-47.762,-51.42,12.11,0.84139325,[cells/mL,0.5174977220594883,0.014505587863771274, [mmol C/m^3]
2003-12-10T12:44:00,-47.762,-51.42,22.308000000000003,1.0,[cells/mL,0.3703652657568455,0.02716616279923118, [mmol C/m^3]
2003-12-10T12:44:00,-47.762,-51.42,40.564,1.0,[cells/mL,0.11046749912202358,0.012849654965957842, [mmol C/m^3]
2003-12-10T12:44:00,-47.762,-51.42,52.669,1.0,[cells/mL,0.04894410911947489,0.011947665084099843, [mmol C/m^3]
2003-12-10T12:44:00,-47.762,-51.42,62.744,0.39151005,[cells/mL,0.01608519919682294,0.005177937207400371, [mmol C/m^3]
2003-12-10T12:44:00,-47.762,-51.42,83.045,1.0,[cells/mL,0.0008711789705557749,0.00014879943134596792, [mmol C/m^3]
2003-12-10T12:44:00,-47.762,-51.42,103.25,0.759817275,[cells/mL,0.00020454034256545128,0.00011608726273529786, [mmol C/m^3]
2003-12-10T12:44:00,-47.762,-51.42,163.68200000000004,1.0,[cells/mL,,, [mmol C/m^3]
2003-12-10T12:44:00,-47.762,-51.42,204.208,2.554832,[cells/mL,,, [mmol C/m^3]
