time,lat,lon,depth,pbact_Chisholm,Unit,picoprokaryote,picoprokaryote_std,target_unit
2010-11-19T00:00:00,-20.0833166666666,-70.8000166666666,9,0.013,[cells/mL (X 10^5)],0.5075319036841393,0.021552997532072193, [mmol C/m^3]
2010-11-19T00:00:00,-20.0833166666666,-70.8000166666666,13,0.062,[cells/mL (X 10^5)],0.49963463470339775,0.02014523801926814, [mmol C/m^3]
2010-11-19T00:00:00,-20.0833166666666,-70.8000166666666,20,0.279,[cells/mL (X 10^5)],0.47666994854807854,0.028982606414335865, [mmol C/m^3]
2010-11-19T00:00:00,-20.0833166666666,-70.8000166666666,22,0.17600000000000002,[cells/mL (X 10^5)],0.4537052623927593,0.013737481840137804, [mmol C/m^3]
2010-11-19T00:00:00,-20.0833166666666,-70.8000166666666,36,0.054000000000000006,[cells/mL (X 10^5)],0.36676083505153656,0.026981088068850318, [mmol C/m^3]
2010-11-19T00:00:00,-20.0833166666666,-70.8000166666666,48,0.051,[cells/mL (X 10^5)],0.18987477757036686,0.03339156375156435, [mmol C/m^3]
2010-11-19T00:00:00,-20.0834,-70.7997,5,0.004777594471,[cells/mL (X 10^5)],0.5075319036841393,0.021552997532072193, [mmol C/m^3]
2010-11-19T00:00:00,-20.0834,-70.7997,9,0.007728631236,[cells/mL (X 10^5)],0.5075319036841393,0.021552997532072193, [mmol C/m^3]
2010-11-19T00:00:00,-20.0834,-70.7997,13,0.0690453197999999,[cells/mL (X 10^5)],0.49963463470339775,0.02014523801926814, [mmol C/m^3]
2010-11-19T00:00:00,-20.0834,-70.7997,20,0.2600734532,[cells/mL (X 10^5)],0.47666994854807854,0.028982606414335865, [mmol C/m^3]
2010-11-19T00:00:00,-20.0834,-70.7997,22,0.2369446048,[cells/mL (X 10^5)],0.4537052623927593,0.013737481840137804, [mmol C/m^3]
2010-11-19T00:00:00,-20.0834,-70.7997,36,0.0597623289,[cells/mL (X 10^5)],0.36676083505153656,0.026981088068850318, [mmol C/m^3]
2010-11-19T00:00:00,-20.0834,-70.7997,48,0.02999982388,[cells/mL (X 10^5)],0.18987477757036686,0.03339156375156435, [mmol C/m^3]
2010-11-19T00:00:00,-20.0834,-70.7997,55,0.05176717357,[cells/mL (X 10^5)],0.06386755220592022,0.019246761114904046, [mmol C/m^3]
2010-11-19T00:00:00,-20.0834,-70.7997,100,0.002717522232,[cells/mL (X 10^5)],2.349178936356111e-05,1.8841334463282355e-05, [mmol C/m^3]
2010-11-20T00:00:00,-20.096133333333302,-70.8000166666666,6,0.159,[cells/mL (X 10^5)],0.5047616586089134,0.021777895188089733, [mmol C/m^3]
2010-11-20T00:00:00,-20.096133333333302,-70.8000166666666,13,0.259,[cells/mL (X 10^5)],0.49771877378225327,0.02068816607569062, [mmol C/m^3]
2010-11-20T00:00:00,-20.096133333333302,-70.8000166666666,17,0.272,[cells/mL (X 10^5)],0.49771877378225327,0.02068816607569062, [mmol C/m^3]
2010-11-20T00:00:00,-20.096133333333302,-70.8000166666666,32,0.172,[cells/mL (X 10^5)],0.3709018900990486,0.02951987687658775, [mmol C/m^3]
2010-11-20T00:00:00,-20.096133333333302,-70.8000166666666,42,0.005,[cells/mL (X 10^5)],0.1931786797940731,0.03711417175673661, [mmol C/m^3]
2010-11-20T00:00:00,-20.096133333333302,-70.8000166666666,50,0.035,[cells/mL (X 10^5)],0.1291967872530222,0.073936809501293, [mmol C/m^3]
2010-11-20T00:00:00,-20.096133333333302,-70.8000166666666,100,0.008,[cells/mL (X 10^5)],2.3495190134781296e-05,2.1355988972468065e-05, [mmol C/m^3]
2010-11-21T00:00:00,-20.0833166666666,-70.7999833333333,13,0.06,[cells/mL (X 10^5)],0.4968375004827976,0.01768754083177796, [mmol C/m^3]
2010-11-21T00:00:00,-20.0833166666666,-70.7999833333333,18,0.268,[cells/mL (X 10^5)],0.4968375004827976,0.01768754083177796, [mmol C/m^3]
2010-11-21T00:00:00,-20.0833166666666,-70.7999833333333,25,0.14,[cells/mL (X 10^5)],0.4538732320070267,0.014481625773833821, [mmol C/m^3]
2010-11-21T00:00:00,-20.0833166666666,-70.7999833333333,30,0.14400000000000002,[cells/mL (X 10^5)],0.41269017197191715,0.048144803448996715, [mmol C/m^3]
2010-11-21T00:00:00,-20.0833166666666,-70.7999833333333,33,0.203,[cells/mL (X 10^5)],0.37150711193680763,0.029674660065635957, [mmol C/m^3]
2010-11-21T00:00:00,-20.0833166666666,-70.7999833333333,43,0.07200000000000001,[cells/mL (X 10^5)],0.19302714429795742,0.03646109483092657, [mmol C/m^3]
2010-11-21T00:00:00,-20.0833166666666,-70.7999833333333,50,0.027000000000000003,[cells/mL (X 10^5)],0.12888815253973007,0.07217652834199381, [mmol C/m^3]
2010-11-21T00:00:00,-20.0833166666666,-70.7999833333333,70,0.012,[cells/mL (X 10^5)],0.013596712844446301,0.006470221983035905, [mmol C/m^3]
2010-11-21T00:00:00,-20.0833166666666,-70.7999833333333,100,0.004,[cells/mL (X 10^5)],2.1652152724982443e-05,1.7576737824079014e-05, [mmol C/m^3]
2010-11-22T00:00:00,-20.0833333333333,-70.7999833333333,24,0.084,[cells/mL (X 10^5)],0.4538732320070267,0.014481625773833821, [mmol C/m^3]
2010-11-22T00:00:00,-20.0833333333333,-70.7999833333333,48,0.016,[cells/mL (X 10^5)],0.19302714429795742,0.03646109483092657, [mmol C/m^3]
2010-11-22T00:00:00,-20.0833333333333,-70.7999833333333,54,0.119,[cells/mL (X 10^5)],0.06474916078150272,0.02075339689393208, [mmol C/m^3]
2010-11-22T00:00:00,-20.0833333333333,-70.7999833333333,60,0.225,[cells/mL (X 10^5)],0.03917293681297451,0.03030320390744284, [mmol C/m^3]
2010-11-22T00:00:00,-20.0833333333333,-70.7999833333333,66,0.051,[cells/mL (X 10^5)],0.013596712844446301,0.006470221983035905, [mmol C/m^3]
2010-11-22T00:00:00,-20.0833333333333,-70.7999833333333,73,0.032,[cells/mL (X 10^5)],0.0018294837500434369,0.0011043220030207757, [mmol C/m^3]
2010-11-22T00:00:00,-20.0833333333333,-70.7999833333333,83,0.009000000000000001,[cells/mL (X 10^5)],0.00020009176205348922,0.00013521159378711268, [mmol C/m^3]
2010-11-22T00:00:00,-20.0833333333333,-70.7999833333333,100,0.002,[cells/mL (X 10^5)],2.1652152724982443e-05,1.7576737824079014e-05, [mmol C/m^3]
2010-11-25T00:00:00,-21.1774666666666,-76.5726,10,1.3608062280000002,[cells/mL (X 10^5)],0.41434423439204693,0.018751239055395504, [mmol C/m^3]
2010-11-25T00:00:00,-21.1774666666666,-76.5726,20,1.380917433,[cells/mL (X 10^5)],0.3967036008834839,0.021268471594032896, [mmol C/m^3]
2010-11-25T00:00:00,-21.1774666666666,-76.5726,24,2.6301526180000003,[cells/mL (X 10^5)],0.3807668052613735,0.006399244732695313, [mmol C/m^3]
2010-11-25T00:00:00,-21.1774666666666,-76.5726,27,3.038823714,[cells/mL (X 10^5)],0.3807668052613735,0.006399244732695313, [mmol C/m^3]
2010-11-25T00:00:00,-21.1774666666666,-76.5726,37,3.350838584,[cells/mL (X 10^5)],0.3487325869500637,0.0061769751658981575, [mmol C/m^3]
2010-11-25T00:00:00,-21.1774666666666,-76.5726,50,2.30837025,[cells/mL (X 10^5)],0.295012672431767,0.031820848799176855, [mmol C/m^3]
2010-11-25T00:00:00,-21.1774666666666,-76.5726,65,0.8897172958,[cells/mL (X 10^5)],0.1829936970025301,0.024804411001391066, [mmol C/m^3]
2010-11-25T00:00:00,-21.1774666666666,-76.5726,75,0.5235506123,[cells/mL (X 10^5)],0.10710087046027184,0.021497023071953326, [mmol C/m^3]
2010-11-25T00:00:00,-21.1774666666666,-76.5726,100,0.133338976,[cells/mL (X 10^5)],0.03319915826432407,0.008862185821977734, [mmol C/m^3]
2010-11-25T00:00:00,-21.177483333333303,-76.5725833333333,10,1.3090000000000002,[cells/mL (X 10^5)],0.41434423439204693,0.018751239055395504, [mmol C/m^3]
2010-11-25T00:00:00,-21.177483333333303,-76.5725833333333,20,1.44,[cells/mL (X 10^5)],0.3967036008834839,0.021268471594032896, [mmol C/m^3]
2010-11-25T00:00:00,-21.177483333333303,-76.5725833333333,24,2.839,[cells/mL (X 10^5)],0.3807668052613735,0.006399244732695313, [mmol C/m^3]
2010-11-25T00:00:00,-21.177483333333303,-76.5725833333333,27,2.75,[cells/mL (X 10^5)],0.3807668052613735,0.006399244732695313, [mmol C/m^3]
2010-11-25T00:00:00,-21.177483333333303,-76.5725833333333,37,2.205,[cells/mL (X 10^5)],0.3487325869500637,0.0061769751658981575, [mmol C/m^3]
2010-11-25T00:00:00,-21.177483333333303,-76.5725833333333,50,1.399,[cells/mL (X 10^5)],0.295012672431767,0.031820848799176855, [mmol C/m^3]
2010-11-25T00:00:00,-21.177483333333303,-76.5725833333333,65,0.498,[cells/mL (X 10^5)],0.1829936970025301,0.024804411001391066, [mmol C/m^3]
2010-11-25T00:00:00,-21.177483333333303,-76.5725833333333,100,0.069,[cells/mL (X 10^5)],0.03319915826432407,0.008862185821977734, [mmol C/m^3]
2010-11-27T00:00:00,-22.26095,-82.3478833333333,12,0.052000000000000005,[cells/mL (X 10^5)],0.272329593077302,0.023521442234958216, [mmol C/m^3]
2010-11-27T00:00:00,-22.26095,-82.3478833333333,23,0.051,[cells/mL (X 10^5)],0.26875247806310654,0.022527399027863472, [mmol C/m^3]
2010-11-27T00:00:00,-22.26095,-82.3478833333333,32,0.068,[cells/mL (X 10^5)],0.25629982724785805,0.023238964444030365, [mmol C/m^3]
2010-11-27T00:00:00,-22.26095,-82.3478833333333,45,0.045,[cells/mL (X 10^5)],0.2429693154990673,0.02076281598650292, [mmol C/m^3]
2010-11-27T00:00:00,-22.26095,-82.3478833333333,60,0.043,[cells/mL (X 10^5)],0.22909878753125668,0.016680763600185913, [mmol C/m^3]
2010-11-27T00:00:00,-22.26095,-82.3478833333333,80,0.271,[cells/mL (X 10^5)],0.20412222854793072,0.00958723524220124, [mmol C/m^3]
2010-11-27T00:00:00,-22.26095,-82.3478833333333,12,0.04659458217,[cells/mL (X 10^5)],0.272329593077302,0.023521442234958216, [mmol C/m^3]
2010-11-27T00:00:00,-22.26095,-82.3478833333333,23,0.0536061708499999,[cells/mL (X 10^5)],0.26875247806310654,0.022527399027863472, [mmol C/m^3]
2010-11-27T00:00:00,-22.26095,-82.3478833333333,32,0.07048,[cells/mL (X 10^5)],0.25629982724785805,0.023238964444030365, [mmol C/m^3]
2010-11-27T00:00:00,-22.26095,-82.3478833333333,45,0.06457656377,[cells/mL (X 10^5)],0.2429693154990673,0.02076281598650292, [mmol C/m^3]
2010-11-27T00:00:00,-22.26095,-82.3478833333333,60,0.0553984878,[cells/mL (X 10^5)],0.22909878753125668,0.016680763600185913, [mmol C/m^3]
2010-11-27T00:00:00,-22.26095,-82.3478833333333,80,0.3600919597,[cells/mL (X 10^5)],0.20412222854793072,0.00958723524220124, [mmol C/m^3]
2010-11-27T00:00:00,-22.26095,-82.3478833333333,100,0.309,[cells/mL (X 10^5)],0.17427965253591537,0.0128054634995531, [mmol C/m^3]
2010-11-27T00:00:00,-22.26095,-82.3478833333333,100,0.3099074377,[cells/mL (X 10^5)],0.17427965253591537,0.0128054634995531, [mmol C/m^3]
2010-11-27T00:00:00,-22.26095,-82.3478833333333,120,0.365,[cells/mL (X 10^5)],0.14038032572716475,0.015401523304487916, [mmol C/m^3]
2010-11-27T00:00:00,-22.26095,-82.3478833333333,120,0.31441960739999897,[cells/mL (X 10^5)],0.14038032572716475,0.015401523304487916, [mmol C/m^3]
2010-11-27T00:00:00,-22.26095,-82.3478833333333,200,0.305,[cells/mL (X 10^5)],,, [mmol C/m^3]
2010-11-27T00:00:00,-22.26095,-82.3478833333333,200,0.002388047347,[cells/mL (X 10^5)],,, [mmol C/m^3]
2010-11-29T00:00:00,-23.4585,-88.76815,14,0.4928021606,[cells/mL (X 10^5)],0.1820925660431385,0.014829309390014457, [mmol C/m^3]
2010-11-29T00:00:00,-23.4585,-88.76815,27,0.5044237895,[cells/mL (X 10^5)],0.18150907009840012,0.014400590946777488, [mmol C/m^3]
2010-11-29T00:00:00,-23.4585,-88.76815,37,0.5570202114,[cells/mL (X 10^5)],0.17516891285777092,0.008991451712490679, [mmol C/m^3]
2010-11-29T00:00:00,-23.4585,-88.76815,52,1.171693514,[cells/mL (X 10^5)],0.1547749601304531,0.00320001324259638, [mmol C/m^3]
2010-11-29T00:00:00,-23.4585,-88.76815,69,1.601790726,[cells/mL (X 10^5)],0.14882078021764755,0.004714610486553271, [mmol C/m^3]
2010-11-29T00:00:00,-23.4585,-88.76815,90,1.430883534,[cells/mL (X 10^5)],0.14302784204483032,0.00427416529127694, [mmol C/m^3]
2010-11-29T00:00:00,-23.4585,-88.76815,112,1.642868938,[cells/mL (X 10^5)],0.13689292967319489,0.0035005875169824576, [mmol C/m^3]
2010-11-29T00:00:00,-23.4585,-88.76815,150,0.2652471722,[cells/mL (X 10^5)],0.1241836417466402,0.0007199053782993568, [mmol C/m^3]
2010-11-29T00:00:00,-23.4585,-88.76815,190,0.02999494983,[cells/mL (X 10^5)],0.07668548822402954,0.010066648602185299, [mmol C/m^3]
2010-11-30T00:00:00,-23.458466666666602,-88.7681666666666,15,0.359,[cells/mL (X 10^5)],0.18697023950517178,0.01632519490528767, [mmol C/m^3]
2010-11-30T00:00:00,-23.458466666666602,-88.7681666666666,29,0.259,[cells/mL (X 10^5)],0.186452466994524,0.0161349003440402, [mmol C/m^3]
2010-11-30T00:00:00,-23.458466666666602,-88.7681666666666,40,0.236,[cells/mL (X 10^5)],0.1728061307221651,0.014562554850261613, [mmol C/m^3]
2010-11-30T00:00:00,-23.458466666666602,-88.7681666666666,56,0.556,[cells/mL (X 10^5)],0.15518307127058506,0.004658289844927196, [mmol C/m^3]
2010-11-30T00:00:00,-23.458466666666602,-88.7681666666666,73,1.369,[cells/mL (X 10^5)],0.145032262429595,0.0038076104764356512, [mmol C/m^3]
2010-11-30T00:00:00,-23.458466666666602,-88.7681666666666,96,1.015,[cells/mL (X 10^5)],0.14067898876965046,0.0032565710322192275, [mmol C/m^3]
2010-11-30T00:00:00,-23.458466666666602,-88.7681666666666,110,0.77,[cells/mL (X 10^5)],0.13863993994891644,0.0030585284996379413, [mmol C/m^3]
2010-11-30T00:00:00,-23.458466666666602,-88.7681666666666,200,0.002,[cells/mL (X 10^5)],,, [mmol C/m^3]
2010-12-01T00:00:00,-23.45845,-88.7681333333333,15,0.225,[cells/mL (X 10^5)],0.18697023950517178,0.01632519490528767, [mmol C/m^3]
2010-12-01T00:00:00,-23.45845,-88.7681333333333,29,0.221,[cells/mL (X 10^5)],0.186452466994524,0.0161349003440402, [mmol C/m^3]
2010-12-01T00:00:00,-23.45845,-88.7681333333333,40,0.191,[cells/mL (X 10^5)],0.1728061307221651,0.014562554850261613, [mmol C/m^3]
2010-12-01T00:00:00,-23.45845,-88.7681333333333,56,0.511,[cells/mL (X 10^5)],0.15518307127058506,0.004658289844927196, [mmol C/m^3]
2010-12-01T00:00:00,-23.45845,-88.7681333333333,74,0.759,[cells/mL (X 10^5)],0.145032262429595,0.0038076104764356512, [mmol C/m^3]
2010-12-01T00:00:00,-23.45845,-88.7681333333333,120,0.562,[cells/mL (X 10^5)],0.13652051985263824,0.0029278834735647764, [mmol C/m^3]
2010-12-04T00:00:00,-24.560266666666603,-94.7247333333333,10,0.6133127729394611,[cells/mL (X 10^5)],0.1565251685678959,0.010718594541217485, [mmol C/m^3]
2010-12-04T00:00:00,-24.560266666666603,-94.7247333333333,40,0.85906975659601,[cells/mL (X 10^5)],0.14999588252976537,0.01760005511423115, [mmol C/m^3]
2010-12-04T00:00:00,-24.560266666666603,-94.7247333333333,70,1.3690452027841202,[cells/mL (X 10^5)],0.13338709715753794,0.022152274769121617, [mmol C/m^3]
2010-12-04T00:00:00,-24.560266666666603,-94.7247333333333,100,1.47695332460426,[cells/mL (X 10^5)],0.12557906564325094,0.020779607308768235, [mmol C/m^3]
2010-12-04T00:00:00,-24.560266666666603,-94.7247333333333,130,1.23607282605265,[cells/mL (X 10^5)],0.12081029266119003,0.018632189927300567, [mmol C/m^3]
2010-12-04T00:00:00,-24.560266666666603,-94.7247333333333,160,0.531194329899649,[cells/mL (X 10^5)],,, [mmol C/m^3]
2010-12-04T00:00:00,-24.560266666666603,-94.7247333333333,190,0.0931925372565067,[cells/mL (X 10^5)],0.09299310110509396,0.006684928626867253, [mmol C/m^3]
2010-12-04T00:00:00,-24.560266666666603,-94.7247333333333,220,0.007213502145806759,[cells/mL (X 10^5)],0.06283719185739756,0.030882741735589914, [mmol C/m^3]
2010-12-04T00:00:00,-24.560266666666603,-94.7247333333333,250,0.000645241056860931,[cells/mL (X 10^5)],,, [mmol C/m^3]
2010-12-04T00:00:00,-24.560316666666605,-94.7246833333333,16,0.478,[cells/mL (X 10^5)],0.15647069923579693,0.01112903524571786, [mmol C/m^3]
2010-12-04T00:00:00,-24.560316666666605,-94.7246833333333,31,0.521,[cells/mL (X 10^5)],0.15489770099520683,0.012323189864878261, [mmol C/m^3]
2010-12-04T00:00:00,-24.560316666666605,-94.7246833333333,43,0.487,[cells/mL (X 10^5)],0.1450940640643239,0.021377414159235764, [mmol C/m^3]
2010-12-04T00:00:00,-24.560316666666605,-94.7246833333333,60,0.508,[cells/mL (X 10^5)],0.13598499819636345,0.022044492514223153, [mmol C/m^3]
2010-12-04T00:00:00,-24.560316666666605,-94.7246833333333,80,1.341,[cells/mL (X 10^5)],0.129408685490489,0.021640761736276173, [mmol C/m^3]
2010-12-04T00:00:00,-24.560316666666605,-94.7246833333333,105,1.368,[cells/mL (X 10^5)],0.12429598160088062,0.020280738359178832, [mmol C/m^3]
2010-12-04T00:00:00,-24.560316666666605,-94.7246833333333,125,1.1840000000000002,[cells/mL (X 10^5)],0.12081029266119003,0.018632189927300567, [mmol C/m^3]
2010-12-04T00:00:00,-24.560316666666605,-94.7246833333333,200,0.752,[cells/mL (X 10^5)],,, [mmol C/m^3]
2010-12-04T00:00:00,-24.560316666666605,-94.7246833333333,400,0.068,[cells/mL (X 10^5)],,, [mmol C/m^3]
2010-12-06T00:00:00,-25.55115,-100.135583333333,17,0.3640942728,[cells/mL (X 10^5)],0.1505629327148199,0.0067696022348256646, [mmol C/m^3]
2010-12-06T00:00:00,-25.55115,-100.135583333333,34,0.3769920304999989,[cells/mL (X 10^5)],0.14914333075284958,0.007551802924797458, [mmol C/m^3]
2010-12-06T00:00:00,-25.55115,-100.135583333333,47,0.3803511595,[cells/mL (X 10^5)],0.13906094897538424,0.01647980915041812, [mmol C/m^3]
2010-12-06T00:00:00,-25.55115,-100.135583333333,65,0.9260696351,[cells/mL (X 10^5)],0.1142015466466546,0.026811692706937833, [mmol C/m^3]
2010-12-06T00:00:00,-25.55115,-100.135583333333,86,1.173290619,[cells/mL (X 10^5)],0.10682493261992931,0.02523966117014112, [mmol C/m^3]
2010-12-06T00:00:00,-25.55115,-100.135583333333,113,0.9628106097,[cells/mL (X 10^5)],0.10323603637516499,0.023903886896572805, [mmol C/m^3]
2010-12-06T00:00:00,-25.55115,-100.135583333333,125,1.162507273,[cells/mL (X 10^5)],0.10275985393673182,0.02367764459321944, [mmol C/m^3]
2010-12-06T00:00:00,-25.55115,-100.135583333333,170,0.4197441794,[cells/mL (X 10^5)],0.09813988488167524,0.01852441025657561, [mmol C/m^3]
2010-12-06T00:00:00,-25.55115,-100.135583333333,200,0.08481486315999999,[cells/mL (X 10^5)],,, [mmol C/m^3]
2010-12-06T00:00:00,-25.551183333333306,-100.135566666666,17,0.365,[cells/mL (X 10^5)],0.1505629327148199,0.0067696022348256646, [mmol C/m^3]
2010-12-06T00:00:00,-25.551183333333306,-100.135566666666,34,0.374,[cells/mL (X 10^5)],0.14914333075284958,0.007551802924797458, [mmol C/m^3]
2010-12-06T00:00:00,-25.551183333333306,-100.135566666666,47,0.7340000000000001,[cells/mL (X 10^5)],0.13906094897538424,0.01647980915041812, [mmol C/m^3]
2010-12-06T00:00:00,-25.551183333333306,-100.135566666666,65,0.958,[cells/mL (X 10^5)],0.1142015466466546,0.026811692706937833, [mmol C/m^3]
2010-12-06T00:00:00,-25.551183333333306,-100.135566666666,86,1.105,[cells/mL (X 10^5)],0.10682493261992931,0.02523966117014112, [mmol C/m^3]
2010-12-06T00:00:00,-25.551183333333306,-100.135566666666,113,0.845,[cells/mL (X 10^5)],0.10323603637516499,0.023903886896572805, [mmol C/m^3]
2010-12-06T00:00:00,-25.551183333333306,-100.135566666666,125,0.889,[cells/mL (X 10^5)],0.10275985393673182,0.02367764459321944, [mmol C/m^3]
2010-12-06T00:00:00,-25.551183333333306,-100.135566666666,200,0.09,[cells/mL (X 10^5)],,, [mmol C/m^3]
2010-12-08T00:00:00,-26.248983333333307,-103.95845,14,0.1156462444,[cells/mL (X 10^5)],0.11402401700615883,0.00403232024127982, [mmol C/m^3]
2010-12-08T00:00:00,-26.248983333333307,-103.95845,28,0.15508503210000002,[cells/mL (X 10^5)],0.11379102617502213,0.0041167850355170715, [mmol C/m^3]
2010-12-08T00:00:00,-26.248983333333307,-103.95845,39,0.199567938,[cells/mL (X 10^5)],0.11310712061822414,0.0043572013667416325, [mmol C/m^3]
2010-12-08T00:00:00,-26.248983333333307,-103.95845,54,0.2667050146,[cells/mL (X 10^5)],0.09957065246999264,0.008851669766149137, [mmol C/m^3]
2010-12-08T00:00:00,-26.248983333333307,-103.95845,71,0.6107323567,[cells/mL (X 10^5)],0.09652581065893173,0.011159898358224942, [mmol C/m^3]
2010-12-08T00:00:00,-26.248983333333307,-103.95845,94,0.8711408057,[cells/mL (X 10^5)],0.09676339849829674,0.011529996197196185, [mmol C/m^3]
2010-12-08T00:00:00,-26.248983333333307,-103.95845,140,1.222349541,[cells/mL (X 10^5)],0.09802002087235451,0.01106250789489881, [mmol C/m^3]
2010-12-08T00:00:00,-26.248983333333307,-103.95845,180,0.6364321376,[cells/mL (X 10^5)],,, [mmol C/m^3]
2010-12-08T00:00:00,-26.248983333333307,-103.95845,250,0.009159488023,[cells/mL (X 10^5)],,, [mmol C/m^3]
2010-12-09T00:00:00,-26.2483,-103.96076666666599,100,1.0590000000000002,[cells/mL (X 10^5)],0.09594109281897545,0.010746027075206308, [mmol C/m^3]
2010-12-09T00:00:00,-26.2483,-103.96076666666599,100,1.125855044,[cells/mL (X 10^5)],0.09594109281897545,0.010746027075206308, [mmol C/m^3]
2010-12-09T00:00:00,-26.2483,-103.96076666666599,105,1.169,[cells/mL (X 10^5)],0.09633135702461004,0.01070208258443264, [mmol C/m^3]
2010-12-09T00:00:00,-26.2483,-103.96076666666599,105,1.119089707,[cells/mL (X 10^5)],0.09633135702461004,0.01070208258443264, [mmol C/m^3]
2010-12-09T00:00:00,-26.2483,-103.96076666666599,110,1.257,[cells/mL (X 10^5)],0.09633135702461004,0.01070208258443264, [mmol C/m^3]
2010-12-09T00:00:00,-26.2483,-103.96076666666599,110,1.250193661,[cells/mL (X 10^5)],0.09633135702461004,0.01070208258443264, [mmol C/m^3]
2010-12-09T00:00:00,-26.2483,-103.96076666666599,115,1.279,[cells/mL (X 10^5)],0.0966777354478836,0.010651831829211145, [mmol C/m^3]
2010-12-09T00:00:00,-26.2483,-103.96076666666599,115,1.29345910399999,[cells/mL (X 10^5)],0.0966777354478836,0.010651831829211145, [mmol C/m^3]
2010-12-09T00:00:00,-26.2483,-103.96076666666599,120,1.128,[cells/mL (X 10^5)],0.0966777354478836,0.010651831829211145, [mmol C/m^3]
2010-12-09T00:00:00,-26.2483,-103.96076666666599,120,1.177123791,[cells/mL (X 10^5)],0.0966777354478836,0.010651831829211145, [mmol C/m^3]
2010-12-09T00:00:00,-26.2483,-103.96076666666599,125,1.3,[cells/mL (X 10^5)],0.09694518055766821,0.01056126677669498, [mmol C/m^3]
2010-12-09T00:00:00,-26.2483,-103.96076666666599,125,1.3236069540000002,[cells/mL (X 10^5)],0.09694518055766821,0.01056126677669498, [mmol C/m^3]
2010-12-09T00:00:00,-26.2483,-103.96076666666599,130,1.091,[cells/mL (X 10^5)],0.09694518055766821,0.01056126677669498, [mmol C/m^3]
2010-12-09T00:00:00,-26.2483,-103.96076666666599,130,1.1593353240000002,[cells/mL (X 10^5)],0.09694518055766821,0.01056126677669498, [mmol C/m^3]
2010-12-09T00:00:00,-26.2483,-103.96076666666599,135,1.158,[cells/mL (X 10^5)],0.0971243092790246,0.01034652708539485, [mmol C/m^3]
2010-12-09T00:00:00,-26.2483,-103.96076666666599,135,1.162856263,[cells/mL (X 10^5)],0.0971243092790246,0.01034652708539485, [mmol C/m^3]
2010-12-09T00:00:00,-26.2483,-103.96076666666599,140,1.038,[cells/mL (X 10^5)],0.0971243092790246,0.01034652708539485, [mmol C/m^3]
2010-12-09T00:00:00,-26.2483,-103.96076666666599,140,1.021516712,[cells/mL (X 10^5)],0.0971243092790246,0.01034652708539485, [mmol C/m^3]
2010-12-09T00:00:00,-26.2483,-103.96076666666599,145,0.924,[cells/mL (X 10^5)],,, [mmol C/m^3]
2010-12-09T00:00:00,-26.2483,-103.96076666666599,145,0.8859147876000001,[cells/mL (X 10^5)],,, [mmol C/m^3]
2010-12-09T00:00:00,-26.2483,-103.96076666666599,150,0.961,[cells/mL (X 10^5)],0.09719729702919722,0.009773501135766728, [mmol C/m^3]
2010-12-09T00:00:00,-26.2483,-103.96076666666599,150,0.9722843979999992,[cells/mL (X 10^5)],0.09719729702919722,0.009773501135766728, [mmol C/m^3]
2010-12-09T00:00:00,-26.2483,-103.96076666666599,155,0.993,[cells/mL (X 10^5)],0.09719729702919722,0.009773501135766728, [mmol C/m^3]
2010-12-09T00:00:00,-26.2483,-103.96076666666599,155,0.9652324591,[cells/mL (X 10^5)],0.09719729702919722,0.009773501135766728, [mmol C/m^3]
2010-12-09T00:00:00,-26.2483,-103.96076666666599,160,0.765,[cells/mL (X 10^5)],,, [mmol C/m^3]
2010-12-09T00:00:00,-26.2483,-103.96076666666599,160,0.7910385641,[cells/mL (X 10^5)],,, [mmol C/m^3]
2010-12-09T00:00:00,-26.2483,-103.96076666666599,165,0.7759999999999999,[cells/mL (X 10^5)],,, [mmol C/m^3]
2010-12-09T00:00:00,-26.2483,-103.96076666666599,165,0.7805266054000001,[cells/mL (X 10^5)],,, [mmol C/m^3]
2010-12-09T00:00:00,-26.2483,-103.96076666666599,170,0.449,[cells/mL (X 10^5)],0.09827304631471634,0.007820493620674001, [mmol C/m^3]
2010-12-09T00:00:00,-26.2483,-103.96076666666599,170,0.4131081124,[cells/mL (X 10^5)],0.09827304631471634,0.007820493620674001, [mmol C/m^3]
2010-12-09T00:00:00,-26.2483,-103.96076666666599,175,0.429,[cells/mL (X 10^5)],0.09827304631471634,0.007820493620674001, [mmol C/m^3]
2010-12-09T00:00:00,-26.2483,-103.96076666666599,175,0.3675859097,[cells/mL (X 10^5)],0.09827304631471634,0.007820493620674001, [mmol C/m^3]
2010-12-09T00:00:00,-26.2483,-103.96076666666599,180,0.444,[cells/mL (X 10^5)],,, [mmol C/m^3]
2010-12-09T00:00:00,-26.2483,-103.96076666666599,180,0.4196510329,[cells/mL (X 10^5)],,, [mmol C/m^3]
2010-12-09T00:00:00,-26.2483,-103.96076666666599,185,0.403,[cells/mL (X 10^5)],,, [mmol C/m^3]
2010-12-09T00:00:00,-26.2483,-103.96076666666599,185,0.359931791,[cells/mL (X 10^5)],,, [mmol C/m^3]
2010-12-09T00:00:00,-26.2483,-103.96076666666599,190,0.374,[cells/mL (X 10^5)],0.10409479402005672,0.002608608889130441, [mmol C/m^3]
2010-12-09T00:00:00,-26.2483,-103.96076666666599,190,0.349762399,[cells/mL (X 10^5)],0.10409479402005672,0.002608608889130441, [mmol C/m^3]
2010-12-09T00:00:00,-26.2483,-103.96076666666599,200,0.179,[cells/mL (X 10^5)],,, [mmol C/m^3]
2010-12-09T00:00:00,-26.2483,-103.96076666666599,200,0.1771632532,[cells/mL (X 10^5)],,, [mmol C/m^3]
2010-12-09T00:00:00,-26.2483,-103.96076666666599,210,0.126,[cells/mL (X 10^5)],,, [mmol C/m^3]
2010-12-09T00:00:00,-26.2483,-103.96076666666599,210,0.1115191389,[cells/mL (X 10^5)],,, [mmol C/m^3]
2010-12-09T00:00:00,-26.2483,-103.96076666666599,220,0.07,[cells/mL (X 10^5)],0.11409405060112476,0.009732667336729357, [mmol C/m^3]
2010-12-09T00:00:00,-26.2483,-103.96076666666599,220,0.06562883769,[cells/mL (X 10^5)],0.11409405060112476,0.009732667336729357, [mmol C/m^3]
2010-12-09T00:00:00,-26.2483,-103.96076666666599,235,0.018000000000000002,[cells/mL (X 10^5)],,, [mmol C/m^3]
2010-12-09T00:00:00,-26.2483,-103.96076666666599,235,0.016674976100000002,[cells/mL (X 10^5)],,, [mmol C/m^3]
2010-12-09T00:00:00,-26.2483,-103.96076666666599,250,0.011,[cells/mL (X 10^5)],,, [mmol C/m^3]
2010-12-09T00:00:00,-26.2483,-103.96076666666599,250,0.00990111698,[cells/mL (X 10^5)],,, [mmol C/m^3]
2010-12-09T00:00:00,-26.2482833333333,-103.96075,18,0.71,[cells/mL (X 10^5)],0.11368520464748144,0.0039102771438130745, [mmol C/m^3]
2010-12-09T00:00:00,-26.2482833333333,-103.96075,37,0.628,[cells/mL (X 10^5)],0.11229418497532606,0.004327118363248608, [mmol C/m^3]
2010-12-09T00:00:00,-26.2482833333333,-103.96075,50,0.7290000000000001,[cells/mL (X 10^5)],0.10219552600756288,0.007618807902598126, [mmol C/m^3]
2010-12-09T00:00:00,-26.2482833333333,-103.96075,70,0.863,[cells/mL (X 10^5)],0.09646957274526358,0.009694018462648665, [mmol C/m^3]
2010-12-09T00:00:00,-26.2482833333333,-103.96075,93,1.192,[cells/mL (X 10^5)],0.09594109281897545,0.010746027075206308, [mmol C/m^3]
2010-12-09T00:00:00,-26.2482833333333,-103.96075,122,1.239,[cells/mL (X 10^5)],,, [mmol C/m^3]
2010-12-09T00:00:00,-26.2482833333333,-103.96075,160,1.061,[cells/mL (X 10^5)],,, [mmol C/m^3]
2010-12-09T00:00:00,-26.2482833333333,-103.96075,200,0.136,[cells/mL (X 10^5)],,, [mmol C/m^3]
2010-12-10T00:00:00,-26.248333333333306,-103.96075,90,1.131,[cells/mL (X 10^5)],0.0956686781719327,0.010712956533193606, [mmol C/m^3]
2010-12-10T00:00:00,-26.248333333333306,-103.96075,100,1.277,[cells/mL (X 10^5)],0.09594109281897545,0.010746027075206308, [mmol C/m^3]
2010-12-10T00:00:00,-26.248333333333306,-103.96075,110,1.225,[cells/mL (X 10^5)],0.09633135702461004,0.01070208258443264, [mmol C/m^3]
2010-12-10T00:00:00,-26.248333333333306,-103.96075,120,1.384,[cells/mL (X 10^5)],0.0966777354478836,0.010651831829211145, [mmol C/m^3]
2010-12-10T00:00:00,-26.248333333333306,-103.96075,130,1.274,[cells/mL (X 10^5)],0.09694518055766821,0.01056126677669498, [mmol C/m^3]
2010-12-10T00:00:00,-26.248333333333306,-103.96075,130,1.086218752,[cells/mL (X 10^5)],0.09694518055766821,0.01056126677669498, [mmol C/m^3]
2010-12-10T00:00:00,-26.248333333333306,-103.96075,140,1.3130000000000002,[cells/mL (X 10^5)],0.0971243092790246,0.01034652708539485, [mmol C/m^3]
2010-12-10T00:00:00,-26.248333333333306,-103.96075,140,1.068037354,[cells/mL (X 10^5)],0.0971243092790246,0.01034652708539485, [mmol C/m^3]
2010-12-10T00:00:00,-26.248333333333306,-103.96075,150,1.036,[cells/mL (X 10^5)],0.09719729702919722,0.009773501135766728, [mmol C/m^3]
2010-12-10T00:00:00,-26.248333333333306,-103.96075,150,0.8434847977,[cells/mL (X 10^5)],0.09719729702919722,0.009773501135766728, [mmol C/m^3]
2010-12-10T00:00:00,-26.248333333333306,-103.96075,160,0.911,[cells/mL (X 10^5)],,, [mmol C/m^3]
2010-12-10T00:00:00,-26.248333333333306,-103.96075,160,0.7579290927,[cells/mL (X 10^5)],,, [mmol C/m^3]
2010-12-10T00:00:00,-26.248333333333306,-103.96075,170,0.6559999999999999,[cells/mL (X 10^5)],0.09827304631471634,0.007820493620674001, [mmol C/m^3]
2010-12-10T00:00:00,-26.248333333333306,-103.96075,180,0.5479999999999999,[cells/mL (X 10^5)],,, [mmol C/m^3]
2010-12-10T00:00:00,-26.248333333333306,-103.96075,180,0.4385057088,[cells/mL (X 10^5)],,, [mmol C/m^3]
2010-12-10T00:00:00,-26.248333333333306,-103.96075,190,0.5379999999999999,[cells/mL (X 10^5)],0.10409479402005672,0.002608608889130441, [mmol C/m^3]
2010-12-10T00:00:00,-26.248333333333306,-103.96075,200,0.4270000000000001,[cells/mL (X 10^5)],,, [mmol C/m^3]
2010-12-10T00:00:00,-26.248333333333306,-103.96075,210,0.257,[cells/mL (X 10^5)],,, [mmol C/m^3]
2010-12-10T00:00:00,-26.248333333333306,-103.96075,210,0.2010322709,[cells/mL (X 10^5)],,, [mmol C/m^3]
2010-12-10T00:00:00,-26.248333333333306,-103.96075,220,0.039,[cells/mL (X 10^5)],0.11409405060112476,0.009732667336729357, [mmol C/m^3]
2010-12-10T00:00:00,-26.248333333333306,-103.96075,230,0.058,[cells/mL (X 10^5)],,, [mmol C/m^3]
2010-12-10T00:00:00,-26.248333333333306,-103.96075,240,0.073,[cells/mL (X 10^5)],,, [mmol C/m^3]
2010-12-10T00:00:00,-26.248333333333306,-103.96075,240,0.0653778429,[cells/mL (X 10^5)],,, [mmol C/m^3]
2010-12-10T00:00:00,-26.248333333333306,-103.96075,250,0.021,[cells/mL (X 10^5)],,, [mmol C/m^3]
2010-12-10T00:00:00,-26.248333333333306,-103.96075,260,0.004,[cells/mL (X 10^5)],0.060254482086747885,0.0032911114493568224, [mmol C/m^3]
2010-12-10T00:00:00,-26.248333333333306,-103.96075,270,0.003,[cells/mL (X 10^5)],,, [mmol C/m^3]
2010-12-10T00:00:00,-26.248333333333306,-103.96075,280,0.003,[cells/mL (X 10^5)],,, [mmol C/m^3]
2010-12-10T00:00:00,-26.248333333333306,-103.96075,290,0.002,[cells/mL (X 10^5)],,, [mmol C/m^3]
2010-12-10T00:00:00,-26.248333333333306,-103.96075,300,0.001,[cells/mL (X 10^5)],0.006489374616649002,0.001308909537158775, [mmol C/m^3]
2010-12-10T00:00:00,-26.248333333333306,-103.96075,310,0.001,[cells/mL (X 10^5)],,, [mmol C/m^3]
2010-12-10T00:00:00,-26.248333333333306,-103.96075,320,0.0,[cells/mL (X 10^5)],,, [mmol C/m^3]
2010-12-11T00:00:00,-26.248366666666602,-103.9608,19,0.181,[cells/mL (X 10^5)],0.11334639228880405,0.004371677835421371, [mmol C/m^3]
2010-12-11T00:00:00,-26.248366666666602,-103.9608,37,0.8420000000000001,[cells/mL (X 10^5)],0.11148124933242798,0.004789751113227244, [mmol C/m^3]
2010-12-11T00:00:00,-26.248366666666602,-103.9608,51,0.6,[cells/mL (X 10^5)],0.09848436526954174,0.008788366580003603, [mmol C/m^3]
2010-12-11T00:00:00,-26.248366666666602,-103.9608,72,0.615,[cells/mL (X 10^5)],0.09490484744310379,0.011297463724609588, [mmol C/m^3]
2010-12-11T00:00:00,-26.248366666666602,-103.9608,94,1.168,[cells/mL (X 10^5)],0.09511878713965416,0.011606144282856405, [mmol C/m^3]
2010-12-11T00:00:00,-26.248366666666602,-103.9608,122,1.248,[cells/mL (X 10^5)],,, [mmol C/m^3]
2010-12-11T00:00:00,-26.248366666666602,-103.9608,155,1.069,[cells/mL (X 10^5)],0.09636133350431919,0.010534712267599406, [mmol C/m^3]
2010-12-11T00:00:00,-26.248366666666602,-103.9608,200,0.195,[cells/mL (X 10^5)],,, [mmol C/m^3]
2010-12-12T00:00:00,-26.078466666666603,-104.003866666666,300,0.0,[cells/mL (X 10^5)],0.00630644682678394,0.0016222639391263488, [mmol C/m^3]
